path,kelas11,kelas4,split,blok
data/IR-Motor-bmp/A&B50/291.bmp,A&B50,Hubung_singkat_stator,test,A&B50_0
data/IR-Motor-bmp/A&B50/292.bmp,A&B50,Hubung_singkat_stator,test,A&B50_0
data/IR-Motor-bmp/A&B50/293.bmp,A&B50,Hubung_singkat_stator,test,A&B50_0
data/IR-Motor-bmp/A&B50/294.bmp,A&B50,Hubung_singkat_stator,test,A&B50_0
data/IR-Motor-bmp/A&B50/295.bmp,A&B50,Hubung_singkat_stator,test,A&B50_0
data/IR-Motor-bmp/A&B50/296.bmp,A&B50,Hubung_singkat_stator,train,A&B50_1
data/IR-Motor-bmp/A&B50/297.bmp,A&B50,Hubung_singkat_stator,train,A&B50_1
data/IR-Motor-bmp/A&B50/298.bmp,A&B50,Hubung_singkat_stator,train,A&B50_1
data/IR-Motor-bmp/A&B50/299.bmp,A&B50,Hubung_singkat_stator,train,A&B50_1
data/IR-Motor-bmp/A&B50/300.bmp,A&B50,Hubung_singkat_stator,train,A&B50_1
data/IR-Motor-bmp/A&B50/301.bmp,A&B50,Hubung_singkat_stator,val,A&B50_2
data/IR-Motor-bmp/A&B50/302.bmp,A&B50,Hubung_singkat_stator,val,A&B50_2
data/IR-Motor-bmp/A&B50/303.bmp,A&B50,Hubung_singkat_stator,val,A&B50_2
data/IR-Motor-bmp/A&B50/304.bmp,A&B50,Hubung_singkat_stator,val,A&B50_2
data/IR-Motor-bmp/A&B50/305.bmp,A&B50,Hubung_singkat_stator,val,A&B50_2
data/IR-Motor-bmp/A&B50/306.bmp,A&B50,Hubung_singkat_stator,train,A&B50_3
data/IR-Motor-bmp/A&B50/307.bmp,A&B50,Hubung_singkat_stator,train,A&B50_3
data/IR-Motor-bmp/A&B50/308.bmp,A&B50,Hubung_singkat_stator,train,A&B50_3
data/IR-Motor-bmp/A&B50/309.bmp,A&B50,Hubung_singkat_stator,train,A&B50_3
data/IR-Motor-bmp/A&B50/310.bmp,A&B50,Hubung_singkat_stator,train,A&B50_3
data/IR-Motor-bmp/A&B50/311.bmp,A&B50,Hubung_singkat_stator,train,A&B50_4
data/IR-Motor-bmp/A&B50/312.bmp,A&B50,Hubung_singkat_stator,train,A&B50_4
data/IR-Motor-bmp/A&B50/313.bmp,A&B50,Hubung_singkat_stator,train,A&B50_4
data/IR-Motor-bmp/A&B50/314.bmp,A&B50,Hubung_singkat_stator,train,A&B50_4
data/IR-Motor-bmp/A&B50/315.bmp,A&B50,Hubung_singkat_stator,train,A&B50_4
data/IR-Motor-bmp/A&B50/316.bmp,A&B50,Hubung_singkat_stator,test,A&B50_5
data/IR-Motor-bmp/A&B50/317.bmp,A&B50,Hubung_singkat_stator,test,A&B50_5
data/IR-Motor-bmp/A&B50/318.bmp,A&B50,Hubung_singkat_stator,test,A&B50_5
data/IR-Motor-bmp/A&B50/319.bmp,A&B50,Hubung_singkat_stator,test,A&B50_5
data/IR-Motor-bmp/A&B50/320.bmp,A&B50,Hubung_singkat_stator,test,A&B50_5
data/IR-Motor-bmp/A&B50/321.bmp,A&B50,Hubung_singkat_stator,train,A&B50_6
data/IR-Motor-bmp/A&B50/322.bmp,A&B50,Hubung_singkat_stator,train,A&B50_6
data/IR-Motor-bmp/A&B50/323.bmp,A&B50,Hubung_singkat_stator,train,A&B50_6
data/IR-Motor-bmp/A&B50/324.bmp,A&B50,Hubung_singkat_stator,train,A&B50_6
data/IR-Motor-bmp/A&B50/325.bmp,A&B50,Hubung_singkat_stator,train,A&B50_6
data/IR-Motor-bmp/A&B50/326.bmp,A&B50,Hubung_singkat_stator,val,A&B50_7
data/IR-Motor-bmp/A&B50/327.bmp,A&B50,Hubung_singkat_stator,val,A&B50_7
data/IR-Motor-bmp/A&B50/328.bmp,A&B50,Hubung_singkat_stator,val,A&B50_7
data/IR-Motor-bmp/A&C&B10/099.bmp,A&C&B10,Hubung_singkat_stator,train,A&C&B10_0
data/IR-Motor-bmp/A&C&B10/100.bmp,A&C&B10,Hubung_singkat_stator,train,A&C&B10_0
data/IR-Motor-bmp/A&C&B10/101.bmp,A&C&B10,Hubung_singkat_stator,train,A&C&B10_0
data/IR-Motor-bmp/A&C&B10/102.bmp,A&C&B10,Hubung_singkat_stator,train,A&C&B10_0
data/IR-Motor-bmp/A&C&B10/103.bmp,A&C&B10,Hubung_singkat_stator,train,A&C&B10_0
data/IR-Motor-bmp/A&C&B10/104.bmp,A&C&B10,Hubung_singkat_stator,test,A&C&B10_1
data/IR-Motor-bmp/A&C&B10/106.bmp,A&C&B10,Hubung_singkat_stator,test,A&C&B10_1
data/IR-Motor-bmp/A&C&B10/107.bmp,A&C&B10,Hubung_singkat_stator,test,A&C&B10_1
data/IR-Motor-bmp/A&C&B10/108.bmp,A&C&B10,Hubung_singkat_stator,test,A&C&B10_1
data/IR-Motor-bmp/A&C&B10/109.bmp,A&C&B10,Hubung_singkat_stator,test,A&C&B10_1
data/IR-Motor-bmp/A&C&B10/110.bmp,A&C&B10,Hubung_singkat_stator,train,A&C&B10_2
data/IR-Motor-bmp/A&C&B10/111.bmp,A&C&B10,Hubung_singkat_stator,train,A&C&B10_2
data/IR-Motor-bmp/A&C&B10/112.bmp,A&C&B10,Hubung_singkat_stator,train,A&C&B10_2
data/IR-Motor-bmp/A&C&B10/113.bmp,A&C&B10,Hubung_singkat_stator,train,A&C&B10_2
data/IR-Motor-bmp/A&C&B10/114.bmp,A&C&B10,Hubung_singkat_stator,train,A&C&B10_2
data/IR-Motor-bmp/A&C&B10/115.bmp,A&C&B10,Hubung_singkat_stator,val,A&C&B10_3
data/IR-Motor-bmp/A&C&B10/116.bmp,A&C&B10,Hubung_singkat_stator,val,A&C&B10_3
data/IR-Motor-bmp/A&C&B10/117.bmp,A&C&B10,Hubung_singkat_stator,val,A&C&B10_3
data/IR-Motor-bmp/A&C&B10/118.bmp,A&C&B10,Hubung_singkat_stator,val,A&C&B10_3
data/IR-Motor-bmp/A&C&B10/119.bmp,A&C&B10,Hubung_singkat_stator,val,A&C&B10_3
data/IR-Motor-bmp/A&C&B10/120.bmp,A&C&B10,Hubung_singkat_stator,train,A&C&B10_4
data/IR-Motor-bmp/A&C&B10/121.bmp,A&C&B10,Hubung_singkat_stator,train,A&C&B10_4
data/IR-Motor-bmp/A&C&B10/122.bmp,A&C&B10,Hubung_singkat_stator,train,A&C&B10_4
data/IR-Motor-bmp/A&C&B10/123.bmp,A&C&B10,Hubung_singkat_stator,train,A&C&B10_4
data/IR-Motor-bmp/A&C&B10/124.bmp,A&C&B10,Hubung_singkat_stator,train,A&C&B10_4
data/IR-Motor-bmp/A&C&B10/125.bmp,A&C&B10,Hubung_singkat_stator,train,A&C&B10_5
data/IR-Motor-bmp/A&C&B10/126.bmp,A&C&B10,Hubung_singkat_stator,train,A&C&B10_5
data/IR-Motor-bmp/A&C&B10/127.bmp,A&C&B10,Hubung_singkat_stator,train,A&C&B10_5
data/IR-Motor-bmp/A&C&B10/128.bmp,A&C&B10,Hubung_singkat_stator,train,A&C&B10_5
data/IR-Motor-bmp/A&C&B10/129.bmp,A&C&B10,Hubung_singkat_stator,train,A&C&B10_5
data/IR-Motor-bmp/A&C&B10/130.bmp,A&C&B10,Hubung_singkat_stator,train,A&C&B10_5
data/IR-Motor-bmp/A&C&B30/214.bmp,A&C&B30,Hubung_singkat_stator,test,A&C&B30_0
data/IR-Motor-bmp/A&C&B30/215.bmp,A&C&B30,Hubung_singkat_stator,test,A&C&B30_0
data/IR-Motor-bmp/A&C&B30/216.bmp,A&C&B30,Hubung_singkat_stator,test,A&C&B30_0
data/IR-Motor-bmp/A&C&B30/217.bmp,A&C&B30,Hubung_singkat_stator,test,A&C&B30_0
data/IR-Motor-bmp/A&C&B30/218.bmp,A&C&B30,Hubung_singkat_stator,test,A&C&B30_0
data/IR-Motor-bmp/A&C&B30/219.bmp,A&C&B30,Hubung_singkat_stator,train,A&C&B30_1
data/IR-Motor-bmp/A&C&B30/220.bmp,A&C&B30,Hubung_singkat_stator,train,A&C&B30_1
data/IR-Motor-bmp/A&C&B30/221.bmp,A&C&B30,Hubung_singkat_stator,train,A&C&B30_1
data/IR-Motor-bmp/A&C&B30/222.bmp,A&C&B30,Hubung_singkat_stator,train,A&C&B30_1
data/IR-Motor-bmp/A&C&B30/223.bmp,A&C&B30,Hubung_singkat_stator,train,A&C&B30_1
data/IR-Motor-bmp/A&C&B30/224.bmp,A&C&B30,Hubung_singkat_stator,train,A&C&B30_2
data/IR-Motor-bmp/A&C&B30/225.bmp,A&C&B30,Hubung_singkat_stator,train,A&C&B30_2
data/IR-Motor-bmp/A&C&B30/226.bmp,A&C&B30,Hubung_singkat_stator,train,A&C&B30_2
data/IR-Motor-bmp/A&C&B30/227.bmp,A&C&B30,Hubung_singkat_stator,train,A&C&B30_2
data/IR-Motor-bmp/A&C&B30/228.bmp,A&C&B30,Hubung_singkat_stator,train,A&C&B30_2
data/IR-Motor-bmp/A&C&B30/229.bmp,A&C&B30,Hubung_singkat_stator,test,A&C&B30_3
data/IR-Motor-bmp/A&C&B30/230.bmp,A&C&B30,Hubung_singkat_stator,test,A&C&B30_3
data/IR-Motor-bmp/A&C&B30/231.bmp,A&C&B30,Hubung_singkat_stator,test,A&C&B30_3
data/IR-Motor-bmp/A&C&B30/232.bmp,A&C&B30,Hubung_singkat_stator,test,A&C&B30_3
data/IR-Motor-bmp/A&C&B30/233.bmp,A&C&B30,Hubung_singkat_stator,test,A&C&B30_3
data/IR-Motor-bmp/A&C&B30/234.bmp,A&C&B30,Hubung_singkat_stator,train,A&C&B30_4
data/IR-Motor-bmp/A&C&B30/235.bmp,A&C&B30,Hubung_singkat_stator,train,A&C&B30_4
data/IR-Motor-bmp/A&C&B30/236.bmp,A&C&B30,Hubung_singkat_stator,train,A&C&B30_4
data/IR-Motor-bmp/A&C&B30/237.bmp,A&C&B30,Hubung_singkat_stator,train,A&C&B30_4
data/IR-Motor-bmp/A&C&B30/238.bmp,A&C&B30,Hubung_singkat_stator,train,A&C&B30_4
data/IR-Motor-bmp/A&C&B30/239.bmp,A&C&B30,Hubung_singkat_stator,val,A&C&B30_5
data/IR-Motor-bmp/A&C&B30/240.bmp,A&C&B30,Hubung_singkat_stator,val,A&C&B30_5
data/IR-Motor-bmp/A&C&B30/241.bmp,A&C&B30,Hubung_singkat_stator,val,A&C&B30_5
data/IR-Motor-bmp/A&C&B30/242.bmp,A&C&B30,Hubung_singkat_stator,val,A&C&B30_5
data/IR-Motor-bmp/A&C&B30/243.bmp,A&C&B30,Hubung_singkat_stator,val,A&C&B30_5
data/IR-Motor-bmp/A&C&B30/244.bmp,A&C&B30,Hubung_singkat_stator,val,A&C&B30_6
data/IR-Motor-bmp/A&C&B30/245.bmp,A&C&B30,Hubung_singkat_stator,val,A&C&B30_6
data/IR-Motor-bmp/A&C&B30/246.bmp,A&C&B30,Hubung_singkat_stator,val,A&C&B30_6
data/IR-Motor-bmp/A&C&B30/247.bmp,A&C&B30,Hubung_singkat_stator,val,A&C&B30_6
data/IR-Motor-bmp/A&C&B30/248.bmp,A&C&B30,Hubung_singkat_stator,val,A&C&B30_6
data/IR-Motor-bmp/A&C&B30/249.bmp,A&C&B30,Hubung_singkat_stator,train,A&C&B30_7
data/IR-Motor-bmp/A&C&B30/250.bmp,A&C&B30,Hubung_singkat_stator,train,A&C&B30_7
data/IR-Motor-bmp/A&C&B30/251.bmp,A&C&B30,Hubung_singkat_stator,train,A&C&B30_7
data/IR-Motor-bmp/A&C&B30/252.bmp,A&C&B30,Hubung_singkat_stator,train,A&C&B30_7
data/IR-Motor-bmp/A&C&B30/253.bmp,A&C&B30,Hubung_singkat_stator,train,A&C&B30_7
data/IR-Motor-bmp/A&C&B30/254.bmp,A&C&B30,Hubung_singkat_stator,train,A&C&B30_7
data/IR-Motor-bmp/A&C&B30/255.bmp,A&C&B30,Hubung_singkat_stator,train,A&C&B30_7
data/IR-Motor-bmp/A&C10/066.bmp,A&C10,Hubung_singkat_stator,val,A&C10_0
data/IR-Motor-bmp/A&C10/067.bmp,A&C10,Hubung_singkat_stator,val,A&C10_0
data/IR-Motor-bmp/A&C10/068.bmp,A&C10,Hubung_singkat_stator,val,A&C10_0
data/IR-Motor-bmp/A&C10/069.bmp,A&C10,Hubung_singkat_stator,val,A&C10_0
data/IR-Motor-bmp/A&C10/070.bmp,A&C10,Hubung_singkat_stator,val,A&C10_0
data/IR-Motor-bmp/A&C10/071.bmp,A&C10,Hubung_singkat_stator,train,A&C10_1
data/IR-Motor-bmp/A&C10/072.bmp,A&C10,Hubung_singkat_stator,train,A&C10_1
data/IR-Motor-bmp/A&C10/073.bmp,A&C10,Hubung_singkat_stator,train,A&C10_1
data/IR-Motor-bmp/A&C10/074.bmp,A&C10,Hubung_singkat_stator,train,A&C10_1
data/IR-Motor-bmp/A&C10/075.bmp,A&C10,Hubung_singkat_stator,train,A&C10_1
data/IR-Motor-bmp/A&C10/076.bmp,A&C10,Hubung_singkat_stator,test,A&C10_2
data/IR-Motor-bmp/A&C10/077.bmp,A&C10,Hubung_singkat_stator,test,A&C10_2
data/IR-Motor-bmp/A&C10/078.bmp,A&C10,Hubung_singkat_stator,test,A&C10_2
data/IR-Motor-bmp/A&C10/079.bmp,A&C10,Hubung_singkat_stator,test,A&C10_2
data/IR-Motor-bmp/A&C10/080.bmp,A&C10,Hubung_singkat_stator,test,A&C10_2
data/IR-Motor-bmp/A&C10/081.bmp,A&C10,Hubung_singkat_stator,train,A&C10_3
data/IR-Motor-bmp/A&C10/082.bmp,A&C10,Hubung_singkat_stator,train,A&C10_3
data/IR-Motor-bmp/A&C10/083.bmp,A&C10,Hubung_singkat_stator,train,A&C10_3
data/IR-Motor-bmp/A&C10/084.bmp,A&C10,Hubung_singkat_stator,train,A&C10_3
data/IR-Motor-bmp/A&C10/085.bmp,A&C10,Hubung_singkat_stator,train,A&C10_3
data/IR-Motor-bmp/A&C10/086.bmp,A&C10,Hubung_singkat_stator,train,A&C10_4
data/IR-Motor-bmp/A&C10/087.bmp,A&C10,Hubung_singkat_stator,train,A&C10_4
data/IR-Motor-bmp/A&C10/088.bmp,A&C10,Hubung_singkat_stator,train,A&C10_4
data/IR-Motor-bmp/A&C10/089.bmp,A&C10,Hubung_singkat_stator,train,A&C10_4
data/IR-Motor-bmp/A&C10/090.bmp,A&C10,Hubung_singkat_stator,train,A&C10_4
data/IR-Motor-bmp/A&C10/091.bmp,A&C10,Hubung_singkat_stator,train,A&C10_5
data/IR-Motor-bmp/A&C10/092.bmp,A&C10,Hubung_singkat_stator,train,A&C10_5
data/IR-Motor-bmp/A&C10/093.bmp,A&C10,Hubung_singkat_stator,train,A&C10_5
data/IR-Motor-bmp/A&C10/094.bmp,A&C10,Hubung_singkat_stator,train,A&C10_5
data/IR-Motor-bmp/A&C10/095.bmp,A&C10,Hubung_singkat_stator,train,A&C10_5
data/IR-Motor-bmp/A&C10/096.bmp,A&C10,Hubung_singkat_stator,train,A&C10_5
data/IR-Motor-bmp/A&C30/173.bmp,A&C30,Hubung_singkat_stator,test,A&C30_0
data/IR-Motor-bmp/A&C30/174.bmp,A&C30,Hubung_singkat_stator,test,A&C30_0
data/IR-Motor-bmp/A&C30/175.bmp,A&C30,Hubung_singkat_stator,test,A&C30_0
data/IR-Motor-bmp/A&C30/176.bmp,A&C30,Hubung_singkat_stator,test,A&C30_0
data/IR-Motor-bmp/A&C30/177.bmp,A&C30,Hubung_singkat_stator,test,A&C30_0
data/IR-Motor-bmp/A&C30/178.bmp,A&C30,Hubung_singkat_stator,train,A&C30_1
data/IR-Motor-bmp/A&C30/179.bmp,A&C30,Hubung_singkat_stator,train,A&C30_1
data/IR-Motor-bmp/A&C30/180.bmp,A&C30,Hubung_singkat_stator,train,A&C30_1
data/IR-Motor-bmp/A&C30/181.bmp,A&C30,Hubung_singkat_stator,train,A&C30_1
data/IR-Motor-bmp/A&C30/182.bmp,A&C30,Hubung_singkat_stator,train,A&C30_1
data/IR-Motor-bmp/A&C30/183.bmp,A&C30,Hubung_singkat_stator,val,A&C30_2
data/IR-Motor-bmp/A&C30/184.bmp,A&C30,Hubung_singkat_stator,val,A&C30_2
data/IR-Motor-bmp/A&C30/185.bmp,A&C30,Hubung_singkat_stator,val,A&C30_2
data/IR-Motor-bmp/A&C30/186.bmp,A&C30,Hubung_singkat_stator,val,A&C30_2
data/IR-Motor-bmp/A&C30/187.bmp,A&C30,Hubung_singkat_stator,val,A&C30_2
data/IR-Motor-bmp/A&C30/188.bmp,A&C30,Hubung_singkat_stator,train,A&C30_3
data/IR-Motor-bmp/A&C30/189.bmp,A&C30,Hubung_singkat_stator,train,A&C30_3
data/IR-Motor-bmp/A&C30/190.bmp,A&C30,Hubung_singkat_stator,train,A&C30_3
data/IR-Motor-bmp/A&C30/191.bmp,A&C30,Hubung_singkat_stator,train,A&C30_3
data/IR-Motor-bmp/A&C30/192.bmp,A&C30,Hubung_singkat_stator,train,A&C30_3
data/IR-Motor-bmp/A&C30/193.bmp,A&C30,Hubung_singkat_stator,train,A&C30_4
data/IR-Motor-bmp/A&C30/194.bmp,A&C30,Hubung_singkat_stator,train,A&C30_4
data/IR-Motor-bmp/A&C30/195.bmp,A&C30,Hubung_singkat_stator,train,A&C30_4
data/IR-Motor-bmp/A&C30/196.bmp,A&C30,Hubung_singkat_stator,train,A&C30_4
data/IR-Motor-bmp/A&C30/197.bmp,A&C30,Hubung_singkat_stator,train,A&C30_4
data/IR-Motor-bmp/A&C30/198.bmp,A&C30,Hubung_singkat_stator,train,A&C30_5
data/IR-Motor-bmp/A&C30/199.bmp,A&C30,Hubung_singkat_stator,train,A&C30_5
data/IR-Motor-bmp/A&C30/200.bmp,A&C30,Hubung_singkat_stator,train,A&C30_5
data/IR-Motor-bmp/A&C30/201.bmp,A&C30,Hubung_singkat_stator,train,A&C30_5
data/IR-Motor-bmp/A&C30/202.bmp,A&C30,Hubung_singkat_stator,train,A&C30_5
data/IR-Motor-bmp/A&C30/203.bmp,A&C30,Hubung_singkat_stator,test,A&C30_6
data/IR-Motor-bmp/A&C30/204.bmp,A&C30,Hubung_singkat_stator,test,A&C30_6
data/IR-Motor-bmp/A&C30/205.bmp,A&C30,Hubung_singkat_stator,test,A&C30_6
data/IR-Motor-bmp/A&C30/206.bmp,A&C30,Hubung_singkat_stator,test,A&C30_6
data/IR-Motor-bmp/A&C30/207.bmp,A&C30,Hubung_singkat_stator,test,A&C30_6
data/IR-Motor-bmp/A&C30/208.bmp,A&C30,Hubung_singkat_stator,val,A&C30_7
data/IR-Motor-bmp/A&C30/209.bmp,A&C30,Hubung_singkat_stator,val,A&C30_7
data/IR-Motor-bmp/A&C30/210.bmp,A&C30,Hubung_singkat_stator,val,A&C30_7
data/IR-Motor-bmp/A10/032.bmp,A10,Hubung_singkat_stator,train,A10_0
data/IR-Motor-bmp/A10/033.bmp,A10,Hubung_singkat_stator,train,A10_0
data/IR-Motor-bmp/A10/034.bmp,A10,Hubung_singkat_stator,train,A10_0
data/IR-Motor-bmp/A10/035.bmp,A10,Hubung_singkat_stator,train,A10_0
data/IR-Motor-bmp/A10/036.bmp,A10,Hubung_singkat_stator,train,A10_0
data/IR-Motor-bmp/A10/037.bmp,A10,Hubung_singkat_stator,train,A10_1
data/IR-Motor-bmp/A10/038.bmp,A10,Hubung_singkat_stator,train,A10_1
data/IR-Motor-bmp/A10/039.bmp,A10,Hubung_singkat_stator,train,A10_1
data/IR-Motor-bmp/A10/040.bmp,A10,Hubung_singkat_stator,train,A10_1
data/IR-Motor-bmp/A10/041.bmp,A10,Hubung_singkat_stator,train,A10_1
data/IR-Motor-bmp/A10/042.bmp,A10,Hubung_singkat_stator,test,A10_2
data/IR-Motor-bmp/A10/043.bmp,A10,Hubung_singkat_stator,test,A10_2
data/IR-Motor-bmp/A10/044.bmp,A10,Hubung_singkat_stator,test,A10_2
data/IR-Motor-bmp/A10/045.bmp,A10,Hubung_singkat_stator,test,A10_2
data/IR-Motor-bmp/A10/046.bmp,A10,Hubung_singkat_stator,test,A10_2
data/IR-Motor-bmp/A10/047.bmp,A10,Hubung_singkat_stator,val,A10_3
data/IR-Motor-bmp/A10/048.bmp,A10,Hubung_singkat_stator,val,A10_3
data/IR-Motor-bmp/A10/049.bmp,A10,Hubung_singkat_stator,val,A10_3
data/IR-Motor-bmp/A10/050.bmp,A10,Hubung_singkat_stator,val,A10_3
data/IR-Motor-bmp/A10/051.bmp,A10,Hubung_singkat_stator,val,A10_3
data/IR-Motor-bmp/A10/052.bmp,A10,Hubung_singkat_stator,train,A10_4
data/IR-Motor-bmp/A10/053.bmp,A10,Hubung_singkat_stator,train,A10_4
data/IR-Motor-bmp/A10/054.bmp,A10,Hubung_singkat_stator,train,A10_4
data/IR-Motor-bmp/A10/055.bmp,A10,Hubung_singkat_stator,train,A10_4
data/IR-Motor-bmp/A10/056.bmp,A10,Hubung_singkat_stator,train,A10_4
data/IR-Motor-bmp/A10/057.bmp,A10,Hubung_singkat_stator,train,A10_5
data/IR-Motor-bmp/A10/058.bmp,A10,Hubung_singkat_stator,train,A10_5
data/IR-Motor-bmp/A10/059.bmp,A10,Hubung_singkat_stator,train,A10_5
data/IR-Motor-bmp/A10/060.bmp,A10,Hubung_singkat_stator,train,A10_5
data/IR-Motor-bmp/A10/061.bmp,A10,Hubung_singkat_stator,train,A10_5
data/IR-Motor-bmp/A10/062.bmp,A10,Hubung_singkat_stator,train,A10_6
data/IR-Motor-bmp/A10/063.bmp,A10,Hubung_singkat_stator,train,A10_6
data/IR-Motor-bmp/A10/064.bmp,A10,Hubung_singkat_stator,train,A10_6
data/IR-Motor-bmp/A10/065.bmp,A10,Hubung_singkat_stator,train,A10_6
data/IR-Motor-bmp/A30/133.bmp,A30,Hubung_singkat_stator,test,A30_0
data/IR-Motor-bmp/A30/134.bmp,A30,Hubung_singkat_stator,test,A30_0
data/IR-Motor-bmp/A30/135.bmp,A30,Hubung_singkat_stator,test,A30_0
data/IR-Motor-bmp/A30/136.bmp,A30,Hubung_singkat_stator,test,A30_0
data/IR-Motor-bmp/A30/137.bmp,A30,Hubung_singkat_stator,test,A30_0
data/IR-Motor-bmp/A30/138.bmp,A30,Hubung_singkat_stator,val,A30_1
data/IR-Motor-bmp/A30/139.bmp,A30,Hubung_singkat_stator,val,A30_1
data/IR-Motor-bmp/A30/140.bmp,A30,Hubung_singkat_stator,val,A30_1
data/IR-Motor-bmp/A30/141.bmp,A30,Hubung_singkat_stator,val,A30_1
data/IR-Motor-bmp/A30/142.bmp,A30,Hubung_singkat_stator,val,A30_1
data/IR-Motor-bmp/A30/143.bmp,A30,Hubung_singkat_stator,train,A30_2
data/IR-Motor-bmp/A30/144.bmp,A30,Hubung_singkat_stator,train,A30_2
data/IR-Motor-bmp/A30/145.bmp,A30,Hubung_singkat_stator,train,A30_2
data/IR-Motor-bmp/A30/146.bmp,A30,Hubung_singkat_stator,train,A30_2
data/IR-Motor-bmp/A30/147.bmp,A30,Hubung_singkat_stator,train,A30_2
data/IR-Motor-bmp/A30/148.bmp,A30,Hubung_singkat_stator,train,A30_3
data/IR-Motor-bmp/A30/149.bmp,A30,Hubung_singkat_stator,train,A30_3
data/IR-Motor-bmp/A30/150.bmp,A30,Hubung_singkat_stator,train,A30_3
data/IR-Motor-bmp/A30/151.bmp,A30,Hubung_singkat_stator,train,A30_3
data/IR-Motor-bmp/A30/152.bmp,A30,Hubung_singkat_stator,train,A30_3
data/IR-Motor-bmp/A30/153.bmp,A30,Hubung_singkat_stator,train,A30_4
data/IR-Motor-bmp/A30/154.bmp,A30,Hubung_singkat_stator,train,A30_4
data/IR-Motor-bmp/A30/155.bmp,A30,Hubung_singkat_stator,train,A30_4
data/IR-Motor-bmp/A30/156.bmp,A30,Hubung_singkat_stator,train,A30_4
data/IR-Motor-bmp/A30/157.bmp,A30,Hubung_singkat_stator,train,A30_4
data/IR-Motor-bmp/A30/158.bmp,A30,Hubung_singkat_stator,train,A30_5
data/IR-Motor-bmp/A30/159.bmp,A30,Hubung_singkat_stator,train,A30_5
data/IR-Motor-bmp/A30/160.bmp,A30,Hubung_singkat_stator,train,A30_5
data/IR-Motor-bmp/A30/161.bmp,A30,Hubung_singkat_stator,train,A30_5
data/IR-Motor-bmp/A30/162.bmp,A30,Hubung_singkat_stator,train,A30_5
data/IR-Motor-bmp/A30/163.bmp,A30,Hubung_singkat_stator,train,A30_6
data/IR-Motor-bmp/A30/164.bmp,A30,Hubung_singkat_stator,train,A30_6
data/IR-Motor-bmp/A30/165.bmp,A30,Hubung_singkat_stator,train,A30_6
data/IR-Motor-bmp/A30/166.bmp,A30,Hubung_singkat_stator,train,A30_6
data/IR-Motor-bmp/A30/167.bmp,A30,Hubung_singkat_stator,train,A30_6
data/IR-Motor-bmp/A30/168.bmp,A30,Hubung_singkat_stator,train,A30_6
data/IR-Motor-bmp/A30/169.bmp,A30,Hubung_singkat_stator,train,A30_6
data/IR-Motor-bmp/A50/256.bmp,A50,Hubung_singkat_stator,train,A50_0
data/IR-Motor-bmp/A50/257.bmp,A50,Hubung_singkat_stator,train,A50_0
data/IR-Motor-bmp/A50/258.bmp,A50,Hubung_singkat_stator,train,A50_0
data/IR-Motor-bmp/A50/259.bmp,A50,Hubung_singkat_stator,train,A50_0
data/IR-Motor-bmp/A50/260.bmp,A50,Hubung_singkat_stator,train,A50_0
data/IR-Motor-bmp/A50/261.bmp,A50,Hubung_singkat_stator,val,A50_1
data/IR-Motor-bmp/A50/262.bmp,A50,Hubung_singkat_stator,val,A50_1
data/IR-Motor-bmp/A50/263.bmp,A50,Hubung_singkat_stator,val,A50_1
data/IR-Motor-bmp/A50/264.bmp,A50,Hubung_singkat_stator,val,A50_1
data/IR-Motor-bmp/A50/265.bmp,A50,Hubung_singkat_stator,val,A50_1
data/IR-Motor-bmp/A50/266.bmp,A50,Hubung_singkat_stator,test,A50_2
data/IR-Motor-bmp/A50/267.bmp,A50,Hubung_singkat_stator,test,A50_2
data/IR-Motor-bmp/A50/268.bmp,A50,Hubung_singkat_stator,test,A50_2
data/IR-Motor-bmp/A50/269.bmp,A50,Hubung_singkat_stator,test,A50_2
data/IR-Motor-bmp/A50/270.bmp,A50,Hubung_singkat_stator,test,A50_2
data/IR-Motor-bmp/A50/271.bmp,A50,Hubung_singkat_stator,train,A50_3
data/IR-Motor-bmp/A50/272.bmp,A50,Hubung_singkat_stator,train,A50_3
data/IR-Motor-bmp/A50/273.bmp,A50,Hubung_singkat_stator,train,A50_3
data/IR-Motor-bmp/A50/274.bmp,A50,Hubung_singkat_stator,train,A50_3
data/IR-Motor-bmp/A50/275.bmp,A50,Hubung_singkat_stator,train,A50_3
data/IR-Motor-bmp/A50/276.bmp,A50,Hubung_singkat_stator,train,A50_4
data/IR-Motor-bmp/A50/277.bmp,A50,Hubung_singkat_stator,train,A50_4
data/IR-Motor-bmp/A50/278.bmp,A50,Hubung_singkat_stator,train,A50_4
data/IR-Motor-bmp/A50/279.bmp,A50,Hubung_singkat_stator,train,A50_4
data/IR-Motor-bmp/A50/280.bmp,A50,Hubung_singkat_stator,train,A50_4
data/IR-Motor-bmp/A50/281.bmp,A50,Hubung_singkat_stator,train,A50_5
data/IR-Motor-bmp/A50/282.bmp,A50,Hubung_singkat_stator,train,A50_5
data/IR-Motor-bmp/A50/283.bmp,A50,Hubung_singkat_stator,train,A50_5
data/IR-Motor-bmp/A50/284.bmp,A50,Hubung_singkat_stator,train,A50_5
data/IR-Motor-bmp/A50/285.bmp,A50,Hubung_singkat_stator,train,A50_5
data/IR-Motor-bmp/A50/286.bmp,A50,Hubung_singkat_stator,train,A50_6
data/IR-Motor-bmp/A50/287.bmp,A50,Hubung_singkat_stator,train,A50_6
data/IR-Motor-bmp/A50/288.bmp,A50,Hubung_singkat_stator,train,A50_6
data/IR-Motor-bmp/A50/289.bmp,A50,Hubung_singkat_stator,train,A50_6
data/IR-Motor-bmp/A50/290.bmp,A50,Hubung_singkat_stator,train,A50_6
data/IR-Motor-bmp/Fan/f068.bmp,Fan,Kipas,train,Fan_0
data/IR-Motor-bmp/Fan/f069.bmp,Fan,Kipas,train,Fan_0
data/IR-Motor-bmp/Fan/f070.bmp,Fan,Kipas,train,Fan_0
data/IR-Motor-bmp/Fan/f071.bmp,Fan,Kipas,train,Fan_0
data/IR-Motor-bmp/Fan/f072.bmp,Fan,Kipas,train,Fan_0
data/IR-Motor-bmp/Fan/f073.bmp,Fan,Kipas,train,Fan_1
data/IR-Motor-bmp/Fan/f074.bmp,Fan,Kipas,train,Fan_1
data/IR-Motor-bmp/Fan/f075.bmp,Fan,Kipas,train,Fan_1
data/IR-Motor-bmp/Fan/f076.bmp,Fan,Kipas,train,Fan_1
data/IR-Motor-bmp/Fan/f077.bmp,Fan,Kipas,train,Fan_1
data/IR-Motor-bmp/Fan/f078.bmp,Fan,Kipas,test,Fan_2
data/IR-Motor-bmp/Fan/f079.bmp,Fan,Kipas,test,Fan_2
data/IR-Motor-bmp/Fan/f080.bmp,Fan,Kipas,test,Fan_2
data/IR-Motor-bmp/Fan/f081.bmp,Fan,Kipas,test,Fan_2
data/IR-Motor-bmp/Fan/f082.bmp,Fan,Kipas,test,Fan_2
data/IR-Motor-bmp/Fan/f083.bmp,Fan,Kipas,train,Fan_3
data/IR-Motor-bmp/Fan/f084.bmp,Fan,Kipas,train,Fan_3
data/IR-Motor-bmp/Fan/f085.bmp,Fan,Kipas,train,Fan_3
data/IR-Motor-bmp/Fan/f086.bmp,Fan,Kipas,train,Fan_3
data/IR-Motor-bmp/Fan/f087.bmp,Fan,Kipas,train,Fan_3
data/IR-Motor-bmp/Fan/f088.bmp,Fan,Kipas,val,Fan_4
data/IR-Motor-bmp/Fan/f089.bmp,Fan,Kipas,val,Fan_4
data/IR-Motor-bmp/Fan/f090.bmp,Fan,Kipas,val,Fan_4
data/IR-Motor-bmp/Fan/f091.bmp,Fan,Kipas,val,Fan_4
data/IR-Motor-bmp/Fan/f092.bmp,Fan,Kipas,val,Fan_4
data/IR-Motor-bmp/Fan/f093.bmp,Fan,Kipas,train,Fan_5
data/IR-Motor-bmp/Fan/f094.bmp,Fan,Kipas,train,Fan_5
data/IR-Motor-bmp/Fan/f095.bmp,Fan,Kipas,train,Fan_5
data/IR-Motor-bmp/Noload/002.bmp,Noload,Sehat,test,Noload_0
data/IR-Motor-bmp/Noload/003.bmp,Noload,Sehat,test,Noload_0
data/IR-Motor-bmp/Noload/004.bmp,Noload,Sehat,test,Noload_0
data/IR-Motor-bmp/Noload/005.bmp,Noload,Sehat,test,Noload_0
data/IR-Motor-bmp/Noload/006.bmp,Noload,Sehat,test,Noload_0
data/IR-Motor-bmp/Noload/007.bmp,Noload,Sehat,val,Noload_1
data/IR-Motor-bmp/Noload/008.bmp,Noload,Sehat,val,Noload_1
data/IR-Motor-bmp/Noload/009.bmp,Noload,Sehat,val,Noload_1
data/IR-Motor-bmp/Noload/010.bmp,Noload,Sehat,val,Noload_1
data/IR-Motor-bmp/Noload/011.bmp,Noload,Sehat,val,Noload_1
data/IR-Motor-bmp/Noload/012.bmp,Noload,Sehat,train,Noload_2
data/IR-Motor-bmp/Noload/013.bmp,Noload,Sehat,train,Noload_2
data/IR-Motor-bmp/Noload/014.bmp,Noload,Sehat,train,Noload_2
data/IR-Motor-bmp/Noload/015.bmp,Noload,Sehat,train,Noload_2
data/IR-Motor-bmp/Noload/016.bmp,Noload,Sehat,train,Noload_2
data/IR-Motor-bmp/Noload/017.bmp,Noload,Sehat,train,Noload_3
data/IR-Motor-bmp/Noload/018.bmp,Noload,Sehat,train,Noload_3
data/IR-Motor-bmp/Noload/019.bmp,Noload,Sehat,train,Noload_3
data/IR-Motor-bmp/Noload/020.bmp,Noload,Sehat,train,Noload_3
data/IR-Motor-bmp/Noload/021.bmp,Noload,Sehat,train,Noload_3
data/IR-Motor-bmp/Noload/022.bmp,Noload,Sehat,train,Noload_4
data/IR-Motor-bmp/Noload/023.bmp,Noload,Sehat,train,Noload_4
data/IR-Motor-bmp/Noload/024.bmp,Noload,Sehat,train,Noload_4
data/IR-Motor-bmp/Noload/025.bmp,Noload,Sehat,train,Noload_4
data/IR-Motor-bmp/Noload/026.bmp,Noload,Sehat,train,Noload_4
data/IR-Motor-bmp/Rotor-0/r030.bmp,Rotor-0,Rotor_macet,test,Rotor-0_0
data/IR-Motor-bmp/Rotor-0/r031.bmp,Rotor-0,Rotor_macet,test,Rotor-0_0
data/IR-Motor-bmp/Rotor-0/r032.bmp,Rotor-0,Rotor_macet,test,Rotor-0_0
data/IR-Motor-bmp/Rotor-0/r033.bmp,Rotor-0,Rotor_macet,test,Rotor-0_0
data/IR-Motor-bmp/Rotor-0/r034.bmp,Rotor-0,Rotor_macet,test,Rotor-0_0
data/IR-Motor-bmp/Rotor-0/r035.bmp,Rotor-0,Rotor_macet,val,Rotor-0_1
data/IR-Motor-bmp/Rotor-0/r036.bmp,Rotor-0,Rotor_macet,val,Rotor-0_1
data/IR-Motor-bmp/Rotor-0/r037.bmp,Rotor-0,Rotor_macet,val,Rotor-0_1
data/IR-Motor-bmp/Rotor-0/r038.bmp,Rotor-0,Rotor_macet,val,Rotor-0_1
data/IR-Motor-bmp/Rotor-0/r039.bmp,Rotor-0,Rotor_macet,val,Rotor-0_1
data/IR-Motor-bmp/Rotor-0/r040.bmp,Rotor-0,Rotor_macet,train,Rotor-0_2
data/IR-Motor-bmp/Rotor-0/r041.bmp,Rotor-0,Rotor_macet,train,Rotor-0_2
data/IR-Motor-bmp/Rotor-0/r042.bmp,Rotor-0,Rotor_macet,train,Rotor-0_2
data/IR-Motor-bmp/Rotor-0/r043.bmp,Rotor-0,Rotor_macet,train,Rotor-0_2
data/IR-Motor-bmp/Rotor-0/r044.bmp,Rotor-0,Rotor_macet,train,Rotor-0_2
data/IR-Motor-bmp/Rotor-0/r045.bmp,Rotor-0,Rotor_macet,train,Rotor-0_3
data/IR-Motor-bmp/Rotor-0/r046.bmp,Rotor-0,Rotor_macet,train,Rotor-0_3
data/IR-Motor-bmp/Rotor-0/r047.bmp,Rotor-0,Rotor_macet,train,Rotor-0_3
data/IR-Motor-bmp/Rotor-0/r048.bmp,Rotor-0,Rotor_macet,train,Rotor-0_3
data/IR-Motor-bmp/Rotor-0/r049.bmp,Rotor-0,Rotor_macet,train,Rotor-0_3
data/IR-Motor-bmp/Rotor-0/r050.bmp,Rotor-0,Rotor_macet,train,Rotor-0_4
data/IR-Motor-bmp/Rotor-0/r051.bmp,Rotor-0,Rotor_macet,train,Rotor-0_4
data/IR-Motor-bmp/Rotor-0/r052.bmp,Rotor-0,Rotor_macet,train,Rotor-0_4
data/IR-Motor-bmp/Rotor-0/r053.bmp,Rotor-0,Rotor_macet,train,Rotor-0_4
data/IR-Motor-bmp/Rotor-0/r054.bmp,Rotor-0,Rotor_macet,train,Rotor-0_4
data/IR-Motor-bmp/Rotor-0/r055.bmp,Rotor-0,Rotor_macet,train,Rotor-0_5
data/IR-Motor-bmp/Rotor-0/r056.bmp,Rotor-0,Rotor_macet,train,Rotor-0_5
data/IR-Motor-bmp/Rotor-0/r057.bmp,Rotor-0,Rotor_macet,train,Rotor-0_5
data/IR-Motor-bmp/Rotor-0/r058.bmp,Rotor-0,Rotor_macet,train,Rotor-0_5
data/IR-Motor-bmp/Rotor-0/r059.bmp,Rotor-0,Rotor_macet,train,Rotor-0_5
